"Message",Low,"Запуск компиляции .NET Native"
"Message",Low,""
"Message",Low,""
"Message",Low,"Задача ""Gatekeeper"""
"Message",Normal,"Идет запуск ""C:\Program Files (x86)\Microsoft SDKs\UWPNuGetPackages\runtime.win10-arm.microsoft.net.native.compiler\2.2.3\tools\ARM\ilc\ilc.exe --gatekeeper @""C:\Chameleon\Chameleon\obj\ARM\Release\ilc\intermediate\gkargs.rsp""""."
"Message",Low,"�ਢ�⭨� Microsoft (R) .NET Native ���ᨨ 2.2.27420.00 "
"Message",Low,"Copyright (C) Microsoft Corporation.  All rights reserved. "
"Message",Low," "
"Message",Low,"ILCTelemetry: System.ArgumentException: Could not deserialize to TelemetrySession object"
"Message",Low,"��� ��ࠬ���: serializedSession ---> System.Runtime.Serialization.SerializationException: �訡�� ���ਠ����樨 ��ꥪ� ⨯� Microsoft.VisualStudio.Telemetry.TelemetrySessionSettings. �������� ��થ� """""", �� ������ ""I"". ---> System.Xml.XmlException: �������� ��થ� """""", �� ������ ""I""."
"Message",Low,"   � System.Xml.XmlExceptionHelper.ThrowXmlException(XmlDictionaryReader reader, String res, String arg1, String arg2, String arg3)"
"Message",Low,"   � System.Xml.XmlExceptionHelper.ThrowTokenExpected(XmlDictionaryReader reader, String expected, Char found)"
"Message",Low,"   � System.Runtime.Serialization.Json.XmlJsonReader.ReadServerTypeAttribute(Boolean consumedObjectChar)"
"Message",Low,"   � System.Runtime.Serialization.Json.XmlJsonReader.ReadAttributes()"
"Message",Low,"   � System.Runtime.Serialization.Json.XmlJsonReader.ReadNonExistentElementName(StringHandleConstStringType elementName)"
"Message",Low,"   � System.Runtime.Serialization.Json.XmlJsonReader.Read()"
"Message",Low,"   � System.Xml.XmlBaseReader.IsStartElement()"
"Message",Low,"   � System.Xml.XmlBaseReader.IsStartElement(XmlDictionaryString localName, XmlDictionaryString namespaceUri)"
"Message",Low,"   � System.Runtime.Serialization.XmlReaderDelegator.IsStartElement(XmlDictionaryString localname, XmlDictionaryString ns)"
"Message",Low,"   � System.Runtime.Serialization.XmlObjectSerializer.IsRootElement(XmlReaderDelegator reader, DataContract contract, XmlDictionaryString name, XmlDictionaryString ns)"
"Message",Low,"   � System.Runtime.Serialization.Json.DataContractJsonSerializer.InternalIsStartObject(XmlReaderDelegator reader)"
"Message",Low,"   � System.Runtime.Serialization.Json.DataContractJsonSerializer.InternalReadObject(XmlReaderDelegator xmlReader, Boolean verifyObjectName)"
"Message",Low,"   � System.Runtime.Serialization.XmlObjectSerializer.InternalReadObject(XmlReaderDelegator reader, Boolean verifyObjectName, DataContractResolver dataContractResolver)"
"Message",Low,"   � System.Runtime.Serialization.XmlObjectSerializer.ReadObjectHandleExceptions(XmlReaderDelegator reader, Boolean verifyObjectName, DataContractResolver dataContractResolver)"
"Message",Low,"   --- ����� ����஢�� ����७���� �⥪� �᪫�祭�� ---"
"Message",Low,"   � System.Runtime.Serialization.XmlObjectSerializer.ReadObjectHandleExceptions(XmlReaderDelegator reader, Boolean verifyObjectName, DataContractResolver dataContractResolver)"
"Message",Low,"   � System.Runtime.Serialization.Json.DataContractJsonSerializer.ReadObject(XmlDictionaryReader reader)"
"Message",Low,"   � System.Runtime.Serialization.Json.DataContractJsonSerializer.ReadObject(Stream stream)"
"Message",Low,"   � Microsoft.VisualStudio.Telemetry.TelemetrySessionSettings.Deserialize(String settings)"
"Message",Low,"   � Microsoft.VisualStudio.Telemetry.TelemetrySessionSettings.Parse(String serializedSession)"
"Message",Low,"   --- ����� ����஢�� ����७���� �⥪� �᪫�祭�� ---"
"Message",Low,"   � Microsoft.VisualStudio.Telemetry.TelemetrySessionSettings.Parse(String serializedSession)"
"Message",Low,"   � ILCTelemetry.Program.ReadEvents()"
"Message",Low,"   � ILCTelemetry.Program.Main(String[] args)"
"Message",Low,"���� �஢�ઠ ᡮન ""C:\Chameleon\Chameleon\obj\ARM\Release\ilc\in\Chameleon.exe"". "
"Message",Normal,"Задача ""C:\Program Files (x86)\Microsoft SDKs\UWPNuGetPackages\runtime.win10-arm.microsoft.net.native.compiler\2.2.3\tools\ARM\ilc\ilc.exe --gatekeeper @""C:\Chameleon\Chameleon\obj\ARM\Release\ilc\intermediate\gkargs.rsp"""" завершена."
"Message",Normal,"Статистика выполнения процессов (все значения в миллисекундах)"
"Message",Normal,"-----------------------------------------------------------------------------"
"Message",Normal,"запустить  |  начать   |   остановить   |   завершить    | длительность | время существования | имя [слот]"
"Message",Normal,"-----------------------------------------------------------------------------"
"Message",Normal,"       0 |       16 |      672 |      672 |      656 |      672 | [0] Gatekeeper"
"Message",Normal,"Число команд:      1"
"Message",Normal,"Общее системное время:       672 мс"
"Message",Normal,"Системное время на команду: 672 мс"
"Message",Normal,"Общая длительность:          656 мс"
"Message",Normal,"Общее время жизни:          672 мс"
"Message",Normal,"Запрошенный DOP:           4"
"Message",Normal,"Длительность DOP:            1,0"
"Message",Normal,"Время жизни DOP:            1,0"
"Message",Low,"Выполнение задачи ""Gatekeeper"" завершено."
"Message",Low,"Сборка целевого объекта ""RunGatekeeper"" в файле ""Preparation"" завершена."
"Message",Low,""
"Message",Low,"Сборка целевого объекта ""CreateToolchainGeneratedAssembly"" в файле ""Preparation"" завершена."
"Message",Low,""
"Message",Low,"Задача ""PreMergeAssemblyClosure"""
"Message",Low,"Выполнение задачи ""PreMergeAssemblyClosure"" завершено."
"Message",Low,"Сборка целевого объекта ""ConstructPreMergeAssemblyClosure"" в файле ""Preparation"" завершена."
"Message",Low,""
"Message",Low,"Задача ""McgReferenceResolveFilePath"""
"Message",Low,"Выполнение задачи ""McgReferenceResolveFilePath"" завершено."
"Message",Low,"Сборка целевого объекта ""PreResolveTransforms"" в файле ""Preparation"" завершена."
"Message",Low,""
"Message",Low,"Задача ""ResolveToolchainRequiredAssemblyRoots"""
"Message",Low,"Выполнение задачи ""ResolveToolchainRequiredAssemblyRoots"" завершено."
"Message",Low,"Задача ""ILTransformAssemblyClosure"""
"Message",Low,"Выполнение задачи ""ILTransformAssemblyClosure"" завершено."
"Message",Low,"Задача ""ResolveToolchainRequiredAssemblyRoots"""
"Message",Low,"Выполнение задачи ""ResolveToolchainRequiredAssemblyRoots"" завершено."
"Message",Low,"Задача ""ReducedCopyAssemblyClosure"""
"Message",Low,"Выполнение задачи ""ReducedCopyAssemblyClosure"" завершено."
"Message",Low,"Сборка целевого объекта ""ConstructILTransformAssemblyClosure"" в файле ""Preparation"" завершена."
"Message",Low,"Сборка проекта ""Preparation"" завершена."
"Message",Low,""
"Message",Low,""
"Message",High,"Обработка кода приложения"
"Message",Low,"Задача ""RunILTransforms"""
"Message",Normal,"Выполняется преобразование ""DumpNativeResources"", размер кучи — 107 МБ."
"Message",Normal,"Выполняется преобразование ""Analysis"", размер кучи — 93 МБ."
"Message",Low,"Идет загрузка модулей (48)..."
"Message",Normal,"Импортированы директивы отражений из нескольких файлов (7):"
"Message",Normal,"C:\Chameleon\Chameleon\obj\ARM\Release\ilc\in\Properties\Default.rd.xml"
"Message",Normal,"Встроенный манифест System.Private.Interop: Resources.System.Private.Interop.rd.xml"
"Message",Normal,"Встроенный манифест System.Private.WinRTInterop.CoreLib: Resources.System.Private.WinRTInterop.CoreLib.rd.xml"
"Message",Normal,"Встроенный манифест System.Runtime.WindowsRuntime.UI.Xaml: Resources.System.Runtime.WindowsRuntime.UI.Xaml.rd.xml"
"Message",Normal,"Встроенный манифест System.Private.CoreLib: Resources.System.Private.CoreLib.rd.xml"
"Message",Normal,"Встроенный манифест System.Private.Uri: Resources.System.Private.Uri.rd.xml"
"Message",Normal,"Встроенный манифест System.Private.Reflection.Core: System.Private.Reflection.Core.rd.xml"
"Message",Normal,"Импортированы корни XAML из нескольких файлов (1):"
"Message",Normal,"C:\Chameleon\Chameleon\obj\ARM\Release\ilc\in\Chameleon.xr.xml"
"Message",Normal,"Выполняется преобразование ""Mcg"", размер кучи — 169 МБ."
"Message",High,"Идет вычисление закрытия приложения и создание кода взаимодействия"
"Message",High,"  Идет загрузка модулей (48)..."
"Message",Normal,"          P/Invoke ""RhpGetFuncEvalParameterBufferSize"" с [DllImport(ExactSpelling=true)] разрешен как ""[MRT]!RhpGetFuncEvalParameterBufferSize""."
"Message",Normal,"          P/Invoke ""RhpGetFuncEvalMode"" с [DllImport(ExactSpelling=true)] разрешен как ""[MRT]!RhpGetFuncEvalMode""."
"Message",Normal,"          P/Invoke ""RhpRecordDebuggeeInitiatedHandle"" с [DllImport(ExactSpelling=true)] разрешен как ""[MRT]!RhpRecordDebuggeeInitiatedHandle""."
"Message",Normal,"          P/Invoke ""RhpVerifyDebuggerCleanup"" с [DllImport(ExactSpelling=true)] разрешен как ""[MRT]!RhpVerifyDebuggerCleanup""."
"Message",Normal,"          P/Invoke ""RhpGetCurrentThread"" с [DllImport(ExactSpelling=true)] разрешен как ""[MRT]!RhpGetCurrentThread""."
"Message",Normal,"          P/Invoke ""RhWaitForPendingFinalizers"" с [DllImport(ExactSpelling=true)] разрешен как ""[MRT]!RhWaitForPendingFinalizers""."
"Message",Normal,"          P/Invoke ""RhYield"" с [DllImport(ExactSpelling=true)] разрешен как ""[MRT]!RhYield""."
"Message",Normal,"          P/Invoke ""RhFlushProcessWriteBuffers"" с [DllImport(ExactSpelling=true)] разрешен как ""[MRT]!RhFlushProcessWriteBuffers""."
"Message",Normal,"          P/Invoke ""RhCompatibleReentrantWaitAny"" с [DllImport(ExactSpelling=true)] разрешен как ""[MRT]!RhCompatibleReentrantWaitAny""."
"Message",Normal,"          P/Invoke ""RhCallDescrWorker"" с [DllImport(ExactSpelling=true)] разрешен как ""[MRT]!RhCallDescrWorker""."
"Message",Normal,"          P/Invoke ""_ecvt_s"" с [DllImport(ExactSpelling=true)] разрешен как ""[MRT]!_ecvt_s""."
"Message",Normal,"          P/Invoke ""memmove"" с [DllImport(ExactSpelling=true)] разрешен как ""[MRT]!memmove""."
"Message",Normal,"          P/Invoke ""memset"" с [DllImport(ExactSpelling=true)] разрешен как ""[MRT]!memset""."
"Message",Normal,"          P/Invoke ""CallingConventionConverter_GetStubs"" с [DllImport(ExactSpelling=true)] разрешен как ""*!CallingConventionConverter_GetStubs""."
"Message",Normal,"          P/Invoke ""CallingConventionConverter_SpecifyCommonStubData"" с [DllImport(ExactSpelling=true)] разрешен как ""*!CallingConventionConverter_SpecifyCommonStubData""."
"Message",Normal,"          Метод P/Invoke ""WindowsCreateStringReference"" разрешен как ""WindowsCreateStringReference!api-ms-win-core-winrt-string-l1-1-0.dll"" из ""SupportedAPIs.xml""."
"Message",Normal,"          Метод P/Invoke ""GetLastError"" разрешен как ""GetLastError!api-ms-win-core-errorhandling-l1-1-0.dll"" из ""SupportedAPIs.xml""."
"Message",Normal,"          Метод P/Invoke ""SetLastError"" разрешен как ""SetLastError!api-ms-win-core-errorhandling-l1-1-0.dll"" из ""SupportedAPIs.xml""."
"Message",Normal,"          Метод P/Invoke ""RoInitialize"" разрешен как ""RoInitialize!api-ms-win-core-winrt-l1-1-0.dll"" из ""SupportedAPIs.xml""."
"Message",Normal,"          Метод P/Invoke ""IsValidLocaleName"" разрешен как ""IsValidLocaleName!api-ms-win-core-localization-l1-2-0.dll"" из ""SupportedAPIs.xml""."
"Message",Normal,"          Метод P/Invoke ""ResolveLocaleName"" разрешен как ""ResolveLocaleName!api-ms-win-core-localization-l1-2-0.dll"" из ""SupportedAPIs.xml""."
"Message",Normal,"          Метод P/Invoke ""GetCPInfoExW"" разрешен как ""GetCPInfoExW!kernel32.dll"" из ""SupportedAPIs.xml""."
"Message",Normal,"          P/Invoke ""CoCreateInstance"" с [DllImport(ExactSpelling=true)] разрешен как ""api-ms-win-core-com-l1-1-0.dll!CoCreateInstance""."
"Message",Normal,"          Метод P/Invoke ""SysFreeString"" разрешен как ""SysFreeString!OleAut32"" из ""SupportedAPIs.xml""."
"Message",Normal,"          Метод P/Invoke ""GetStdHandle"" разрешен как ""GetStdHandle!kernel32.dll"" из ""SupportedAPIs.xml""."
"Message",Normal,"          Метод P/Invoke ""WriteFile"" разрешен как ""WriteFile!kernel32.dll"" из ""SupportedAPIs.xml""."
"Message",Normal,"          Метод P/Invoke ""GetFileType"" разрешен как ""GetFileType!kernel32.dll"" из ""SupportedAPIs.xml""."
"Message",Normal,"          Метод P/Invoke ""GetConsoleOutputCP"" разрешен как ""GetConsoleOutputCP!kernel32.dll"" из ""SupportedAPIs.xml""."
"Message",Normal,"          Метод P/Invoke ""ReadFile"" разрешен как ""ReadFile!kernel32.dll"" из ""SupportedAPIs.xml""."
"Message",Normal,"          Метод P/Invoke ""ReadConsoleW"" разрешен как ""ReadConsoleW!kernel32.dll"" из ""SupportedAPIs.xml""."
"Message",Normal,"          Метод P/Invoke ""WriteConsoleW"" разрешен как ""WriteConsoleW!kernel32.dll"" из ""SupportedAPIs.xml""."
"Message",Normal,"          Метод P/Invoke ""GetConsoleCP"" разрешен как ""GetConsoleCP!kernel32.dll"" из ""SupportedAPIs.xml""."
"Message",Normal,"          Метод P/Invoke ""WideCharToMultiByte"" разрешен как ""WideCharToMultiByte!kernel32.dll"" из ""SupportedAPIs.xml""."
"Message",Normal,"          Метод P/Invoke ""MultiByteToWideChar"" разрешен как ""MultiByteToWideChar!kernel32.dll"" из ""SupportedAPIs.xml""."
"Message",Normal,"          Метод P/Invoke ""GetCPInfoExW"" разрешен как ""GetCPInfoExW!kernel32.dll"" из ""SupportedAPIs.xml""."
"Message",Normal,"          Метод P/Invoke ""GetConsoleMode"" разрешен как ""GetConsoleMode!kernel32.dll"" из ""SupportedAPIs.xml""."
"Message",Normal,"          Метод P/Invoke ""FormatMessageW"" разрешен как ""FormatMessageW!kernel32.dll"" из ""SupportedAPIs.xml""."
"Message",Normal,"          Метод P/Invoke ""RoGetBufferMarshaler"" разрешен как ""RoGetBufferMarshaler!api-ms-win-core-winrt-robuffer-l1-1-0.dll"" из ""SupportedAPIs.xml""."
"Message",High,"  Идет создание кода..."
"Message",High,"  Создан код взаимодействия."
"Message",Normal,"  Код записан в AssemblyInfo.g.cs"
"Message",Normal,"  Код записан в Adapters.g.cs"
"Message",Normal,"  Код записан в Data.g.cs"
"Message",Normal,"  Код записан в Helpers.g.cs"
"Message",Normal,"  Код записан в ImplTypes.g.cs"
"Message",Normal,"  Код записан в PInvoke.g.cs"
"Message",Normal,"  Код записан в SafeTypes.g.cs"
"Message",Normal,"  Код записан в SharedStubs.g.cs"
"Message",Normal,"Выполняется преобразование ""GenerateCodeAndCompile"", размер кучи — 155 МБ."
"Message",High,"Идет компиляция кода взаимодействия."
"Message",Normal,"Компиляция созданного исходного кода: C:\Program Files (x86)\Microsoft SDKs\UWPNuGetPackages\microsoft.net.native.compiler\2.2.3\tools\csc\csc.exe /noconfig @""C:\Chameleon\Chameleon\obj\ARM\Release\ilc\intermediate\Chameleon.McgInterop.rsp"""
"Message",High,"Идет создания кода прокси-сервера System.Reflection.DispatchProxy."
"Message",Normal,"Выполняется преобразование ""ReducedCopyInitialize"", размер кучи — 155 МБ."
"Message",Normal,"Выполняется преобразование ""ReducedCopyEmptyTypes"", размер кучи — 171 МБ."
"Message",Normal,"Выполняется преобразование ""ReducedCopyPopulateTypes"", размер кучи — 172 МБ."
"Message",Normal,"Выполняется преобразование ""ReducedCopyLateMetadata"", размер кучи — 182 МБ."
"Message",Normal,"Выполняется преобразование ""ReducedCopyPassResourcesToMutableAssembly"", размер кучи — 193 МБ."
"Message",Normal,"Выполняется преобразование ""ReducedCopyMethodBodies"", размер кучи — 193 МБ."
"Message",Normal,"Выполняется преобразование ""ReducedCopyComplete"", размер кучи — 205 МБ."
"Message",Normal,"Выполняется преобразование ""ReducedCopyCleanup"", размер кучи — 237 МБ."
"Message",Normal,"Выполняется преобразование ""DeveloperExperienceModeOnlyCodeRemover"", размер кучи — 35 МБ."
"Message",Normal,"Выполняется преобразование ""ComImportDetector"", размер кучи — 35 МБ."
"Message",Normal,"Выполняется преобразование ""McgAccessor"", размер кучи — 35 МБ."
"Message",Normal,"Выполняется преобразование ""McgRedirect"", размер кучи — 36 МБ."
"Message",Normal,"Выполняется преобразование ""McgRedirect"", размер кучи — 37 МБ."
"Message",Normal,"Выполняется преобразование ""McgTypeOf"", размер кучи — 38 МБ."
"Message",Normal,"Выполняется преобразование ""EventSource"", размер кучи — 40 МБ."
"Message",Normal,"Выполняется преобразование ""ValueType"", размер кучи — 40 МБ."
"Message",Normal,"Выполняется преобразование ""Attribute"", размер кучи — 40 МБ."
"Message",Normal,"Выполняется преобразование ""GetType"", размер кучи — 40 МБ."
"Message",Normal,"Выполняется преобразование ""McgFixups"", размер кучи — 41 МБ."
"Message",Normal,"Выполняется преобразование ""ResourceManagerCtor"", размер кучи — 41 МБ."
"Message",Normal,"Выполняется преобразование ""TypeofTypeHandle"", размер кучи — 41 МБ."
"Message",Normal,"Выполняется преобразование ""DispatchProxyIntrinsics"", размер кучи — 44 МБ."
"Message",Normal,"Выполняется преобразование ""StaticInitData"", размер кучи — 44 МБ."
"Message",Normal,"Выполняется преобразование ""Delegate"", размер кучи — 49 МБ."
"Message",Normal,"Выполняется преобразование ""LazyGenerics"", размер кучи — 50 МБ."
"Message",Normal,"Выполняется преобразование ""AddReflectionBlockedAttributes"", размер кучи — 55 МБ."
"Message",Normal,"Выполняется преобразование ""DisableOptimization"", размер кучи — 55 МБ."
"Message",Normal,"Выполняется преобразование ""ResourceExtractor"", размер кучи — 55 МБ."
"Message",Normal,"Выполняется преобразование ""CreateMetadata"", размер кучи — 56 МБ."
"Message",Normal,"Выполняется преобразование ""StartupCodeInjector"", размер кучи — 62 МБ."
"Message",Normal,"Выполняется преобразование ""SaveRVAStatics"", размер кучи — 62 МБ."
"Message",Normal,"Выполняется преобразование ""ReflectionInvoke"", размер кучи — 62 МБ."
"Message",Normal,"Выполняется преобразование ""ScrubOpenCalls"", размер кучи — 63 МБ."
"Message",Normal,"Выполняется преобразование ""ConvertCatchIntoFilter"", размер кучи — 63 МБ."
"Message",Normal,"Выполняется преобразование ""ReflectionMappingInfoEmit"", размер кучи — 63 МБ."
"Message",Normal,"Выполняется преобразование ""ReflectionIntrinsics"", размер кучи — 63 МБ."
"Message",Normal,"Выполняется преобразование ""ConvertManagedWinMD"", размер кучи — 63 МБ."
"Message",Normal,"Выполняется преобразование ""DebuggerGuidedStepThroughJmc"", размер кучи — 63 МБ."
"Message",Normal,"Выполняется преобразование ""Reducer"", размер кучи — 65 МБ."
"Message",High,"Очистка кода без ссылок"
"Message",Normal,"Выполняется преобразование ""WriteAssemblies"", размер кучи — 93 МБ."
"Message",Normal,""
"Message",Normal,"Сводка преобразования"
"Message",Normal,"    мс | разностный файл кучи | имя"
"Message",Normal," 29849 |         76 | Analysis"
"Message",Normal,"  3181 |          0 | GenerateCodeAndCompile"
"Message",Normal,"  1468 |        -14 | Mcg"
"Message",Normal,"   798 |         32 | ReducedCopyComplete"
"Message",Normal,"   765 |         22 | WriteAssemblies"
"Message",Normal,"   638 |        -14 | DumpNativeResources"
"Message",Normal,"   479 |         28 | Reducer"
"Message",Normal,"   371 |         16 | ReducedCopyInitialize"
"Message",Normal,"   219 |         11 | ReducedCopyLateMetadata"
"Message",Normal,"   199 |         10 | ReducedCopyPopulateTypes"
"Message",Normal,"   171 |         12 | ReducedCopyMethodBodies"
"Message",Normal,"   113 |          6 | CreateMetadata"
"Message",Normal,"   113 |       -202 | ReducedCopyCleanup"
"Message",Normal,"    99 |          1 | McgRedirect"
"Message",Normal,"    73 |          5 | StaticInitData"
"Message",Normal,"    61 |          5 | LazyGenerics"
"Message",Normal,"    60 |          2 | McgTypeOf"
"Message",Normal,"    52 |          3 | TypeofTypeHandle"
"Message",Normal,"    48 |          0 | SaveRVAStatics"
"Message",Normal,"    44 |          1 | McgRedirect"
"Message",Normal,"    42 |          1 | ReducedCopyEmptyTypes"
"Message",Normal,"    25 |          1 | ResourceExtractor"
"Message",Normal,"    20 |          0 | McgFixups"
"Message",Normal,"    19 |          2 | DebuggerGuidedStepThroughJmc"
"Message",Normal,"    14 |          0 | DispatchProxyIntrinsics"
"Message",Normal,"    10 |          1 | McgAccessor"
"Message",Normal,"     6 |          1 | GetType"
"Message",Normal,"     5 |          0 | ReflectionIntrinsics"
"Message",Normal,"     4 |          1 | Delegate"
"Message",Normal,"     2 |          0 | ConvertCatchIntoFilter"
"Message",Normal,"     2 |          0 | ScrubOpenCalls"
"Message",Normal,"     2 |          0 | StartupCodeInjector"
"Message",Normal,"     1 |          0 | ReflectionMappingInfoEmit"
"Message",Normal,"     1 |          1 | ReflectionInvoke"
"Message",Normal,"     1 |          0 | EventSource"
"Message",Normal,"     1 |          0 | AddReflectionBlockedAttributes"
"Message",Normal,"     1 |          0 | ResourceManagerCtor"
"Message",Normal,"     1 |          0 | Attribute"
"Message",Normal,"     1 |          0 | ReducedCopyPassResourcesToMutableAssembly"
"Message",Normal,"     0 |          0 | DeveloperExperienceModeOnlyCodeRemover"
"Message",Normal,"     0 |          0 | ComImportDetector"
"Message",Normal,"     0 |          0 | ConvertManagedWinMD"
"Message",Normal,"     0 |          0 | ValueType"
"Message",Normal,"     0 |          0 | DisableOptimization"
"Message",Low,"Выполнение задачи ""RunILTransforms"" завершено."
"Message",Low,"Сборка целевого объекта ""RunILTransforms"" в файле ""ILTransforms"" завершена."
"Message",Low,"Сборка проекта ""ILTransforms"" завершена."
"Message",Low,""
"Message",Low,""
"Message",Low,"Сборка целевого объекта ""GenerateMDIL"" в файле ""Nutc"" завершена."
"Message",Low,""
"Message",High,"Создание машинного кода"
"Message",Low,"Сборка целевого объекта ""MDILPrepareMultiFile"" в файле ""Nutc"" завершена."
"Message",Low,""
"Message",Low,"Сборка целевого объекта ""SetBinaryForReferences"" в файле ""Nutc"" завершена."
"Message",Low,""
"Message",Low,"Задача ""GenerateMDILGlobalAnalysis"""
"Message",Normal,"Идет запуск ""C:\Program Files (x86)\Microsoft SDKs\UWPNuGetPackages\runtime.win10-arm.microsoft.net.native.compiler\2.2.3\tools\ARM\ilc\Tools\nutc_driver.exe @""C:\Chameleon\Chameleon\obj\ARM\Release\ilc\intermediate\MDIL\Chameleon.rsp""""."
"Message",Low,"Microsoft (R) MDIL Compiler - Version 2.2.27420.00"
"Message",Low,"Copyright (c) Microsoft Corporation.  All rights reserved."
"Message",Low,"Сканирование входных типов"
"Message",Low,"Сканирование методов: 1043."
"Message",Low,"Сканирование методов: 2419."
"Message",Low,"Сканирование методов: 1157."
"Message",Low,"Сканирование методов: 371."
"Message",Low,"Сканирование методов: 207."
"Message",Low,"Сканирование методов: 140."
"Message",Low,"Сканирование методов: 64."
"Message",Low,"Сканирование методов: 112."
"Message",Low,"Сканирование методов: 42."
"Message",Low,"Сканирование методов: 54."
"Message",Low,"Сканирование методов: 44."
"Message",Low,"Сканирование методов: 16."
"Message",Low,"Сканирование методов: 11."
"Message",Low,"Сканирование методов: 5."
"Message",Low,"Сканирование методов: 5."
"Message",Low,"Сканирование методов: 18."
"Message",Low,"Сканирование методов: 44."
"Message",Low,"Сканирование методов: 20."
"Message",Low,"Сканирование методов: 10."
"Message",Low,"Сканирование методов: 6."
"Message",Low,"Сканирование методов: 2."
"Message",Low,"Неотложное создание кода"
"Message",Low,"Компиляция методов: 5790."
"Message",Low,"Отложенное создание кода"
"Message",Low,"Вызов управляемого метода Initialize завершился успешно; код завершения: 0 при создании CTL.Статистика метаданных трассировки стека"
"Message",Low,"Количество вызовов методов:   2314"
"Message",Low,"Размер BLOB-объекта метаданных:          120907"
"Message",Low,"Метод RVA — размер карты токенов: 18512"
"Message",Low,"Общий размер в собственном формате:           139419"
"Message",Low,"Успешно создан: ""C:\Chameleon\Chameleon\obj\ARM\Release\ilc\intermediate\MDIL\Chameleon.mdilexe"""
"Message",Low,"Успешно создан: ""C:\Chameleon\Chameleon\obj\ARM\Release\ilc\intermediate\MDIL\Chameleon.mdilpdb"""
"Message",Low,"Компилируется в код MDIL."
"Message",Normal,"Задача ""C:\Program Files (x86)\Microsoft SDKs\UWPNuGetPackages\runtime.win10-arm.microsoft.net.native.compiler\2.2.3\tools\ARM\ilc\Tools\nutc_driver.exe @""C:\Chameleon\Chameleon\obj\ARM\Release\ilc\intermediate\MDIL\Chameleon.rsp"""" завершена."
"Message",Normal,"Статистика выполнения процессов (все значения в миллисекундах)"
"Message",Normal,"-----------------------------------------------------------------------------"
"Message",Normal,"запустить  |  начать   |   остановить   |   завершить    | длительность | время существования | имя [слот]"
"Message",Normal,"-----------------------------------------------------------------------------"
"Message",Normal,"       0 |       16 |     9453 |     9453 |     9437 |     9453 | [0] Nutc GlobalAnalysis"
"Message",Normal,"Число команд:      1"
"Message",Normal,"Общее системное время:       9453 мс"
"Message",Normal,"Системное время на команду: 9453 мс"
"Message",Normal,"Общая длительность:          9437 мс"
"Message",Normal,"Общее время жизни:          9453 мс"
"Message",Normal,"Запрошенный DOP:           4"
"Message",Normal,"Длительность DOP:            1,0"
"Message",Normal,"Время жизни DOP:            1,0"
"Message",Low,"Выполнение задачи ""GenerateMDILGlobalAnalysis"" завершено."
"Message",Low,"Сборка целевого объекта ""GenerateMDILGlobalAnalysis"" в файле ""Nutc"" завершена."
"Message",Low,""
"Message",Low,"Задача ""rc"""
"Message",Normal,"Идет запуск ""C:\Program Files (x86)\Windows Kits\10\bin\10.0.17763.0\x64\rc.exe /c ""65001"" /r /fo ""C:\Chameleon\Chameleon\obj\ARM\Release\ilc\intermediate\BuildInfo\BuildInfo.res"" ""C:\Chameleon\Chameleon\obj\ARM\Release\ilc\intermediate\BuildInfo\BuildInfo.rc""""."
"Message",Low,"Microsoft (R) Windows (R) Resource Compiler Version 10.0.10011.16384"
"Message",Low,"Copyright (C) Microsoft Corporation.  All rights reserved."
"Message",Normal,"Задача ""C:\Program Files (x86)\Windows Kits\10\bin\10.0.17763.0\x64\rc.exe /c ""65001"" /r /fo ""C:\Chameleon\Chameleon\obj\ARM\Release\ilc\intermediate\BuildInfo\BuildInfo.res"" ""C:\Chameleon\Chameleon\obj\ARM\Release\ilc\intermediate\BuildInfo\BuildInfo.rc"""" завершена."
"Message",Normal,"Статистика выполнения процессов (все значения в миллисекундах)"
"Message",Normal,"-----------------------------------------------------------------------------"
"Message",Normal,"запустить  |  начать   |   остановить   |   завершить    | длительность | время существования | имя [слот]"
"Message",Normal,"-----------------------------------------------------------------------------"
"Message",Normal,"       0 |       16 |       31 |       31 |       15 |       31 | [0] rc"
"Message",Normal,"Число команд:      1"
"Message",Normal,"Общее системное время:       31 мс"
"Message",Normal,"Системное время на команду: 31 мс"
"Message",Normal,"Общая длительность:          15 мс"
"Message",Normal,"Общее время жизни:          31 мс"
"Message",Normal,"Запрошенный DOP:           4"
"Message",Normal,"Длительность DOP:            0,5"
"Message",Normal,"Время жизни DOP:            1,0"
"Message",Low,"Выполнение задачи ""rc"" завершено."
"Message",Low,"Задача ""ResourceBinaryConcatenate"""
"Message",Normal,"Идет объединение ""C:\Chameleon\Chameleon\obj\ARM\Release\ilc\intermediate\Native.res"" с выравниванием ""4""."
"Message",Normal," Добавлено ""C:\Chameleon\Chameleon\obj\ARM\Release\ilc\intermediate\ILTransformed\Chameleon.res"" в смещении 0."
"Message",Normal," Добавлено ""C:\Chameleon\Chameleon\obj\ARM\Release\ilc\intermediate\BuildInfo\BuildInfo.res"" в смещении 1412."
"Message",Low,"Выполнение задачи ""ResourceBinaryConcatenate"" завершено."
"Message",Low,"Сборка целевого объекта ""GenerateBuildInfo"" в файле ""Nutc"" завершена."
"Message",Low,"Сборка проекта ""Nutc"" завершена."
"Message",Low,""
"Message",Low,""
"Message",Low,"Сборка целевого объекта ""MDILBindPrepare"" в файле ""Binder"" завершена."
"Message",Low,""
"Message",High,"Создание исправлений для машинного кода"
"Message",Low,"Задача ""MDILBind"""
"Message",Normal,"Идет запуск ""C:\Program Files (x86)\Microsoft SDKs\UWPNuGetPackages\runtime.win10-arm.microsoft.net.native.compiler\2.2.3\tools\ARM\ilc\Tools\rhbind.exe @""C:\Chameleon\Chameleon\obj\ARM\Release\ilc\intermediate\rhbindargs.Chameleon.rsp""""."
"Message",Low,"ВЕРСИЯ ОС: основная: 6;  дополнительная: 2"
"Message",Low,"MDIL: C:\Chameleon\Chameleon\obj\ARM\Release\ilc\intermediate\MDIL\Chameleon.mdilexe"
"Message",Low,"MDILPDB: C:\Chameleon\Chameleon\obj\ARM\Release\ilc\intermediate\MDIL\Chameleon.mdilpdb"
"Message",Low,"IL: C:\Chameleon\Chameleon\obj\ARM\Release\ilc\intermediate\MDIL\Chameleon.ilexe"
"Message",Low,"NI: C:\Chameleon\Chameleon\obj\ARM\Release\ilc\intermediate\Native\Chameleon.dll"
"Message",Low,"SHIM: C:\Chameleon\Chameleon\obj\ARM\Release\ilc\intermediate\Native\Chameleon.exe"
"Message",Low,"REDHAWK_RUNTIME_DLL_NAME_A=mrt100_app.dll"
"Message",Low,"pdb: C:\Chameleon\Chameleon\obj\ARM\Release\ilc\intermediate\Native\Chameleon.pdb"
"Message",Low,"Создано: C:\Chameleon\Chameleon\obj\ARM\Release\ilc\intermediate\Native\Chameleon.dll за 1.016 с"
"Message",Normal,"Задача ""C:\Program Files (x86)\Microsoft SDKs\UWPNuGetPackages\runtime.win10-arm.microsoft.net.native.compiler\2.2.3\tools\ARM\ilc\Tools\rhbind.exe @""C:\Chameleon\Chameleon\obj\ARM\Release\ilc\intermediate\rhbindargs.Chameleon.rsp"""" завершена."
"Message",Normal,"Статистика выполнения процессов (все значения в миллисекундах)"
"Message",Normal,"-----------------------------------------------------------------------------"
"Message",Normal,"запустить  |  начать   |   остановить   |   завершить    | длительность | время существования | имя [слот]"
"Message",Normal,"-----------------------------------------------------------------------------"
"Message",Normal,"       0 |       16 |     1078 |     1078 |     1062 |     1078 | [0] rhbind Chameleon"
"Message",Normal,"Число команд:      1"
"Message",Normal,"Общее системное время:       1078 мс"
"Message",Normal,"Системное время на команду: 1078 мс"
"Message",Normal,"Общая длительность:          1062 мс"
"Message",Normal,"Общее время жизни:          1078 мс"
"Message",Normal,"Запрошенный DOP:           4"
"Message",Normal,"Длительность DOP:            1,0"
"Message",Normal,"Время жизни DOP:            1,0"
"Message",Low,"Выполнение задачи ""MDILBind"" завершено."
"Message",Low,"Сборка целевого объекта ""MDILBind"" в файле ""Binder"" завершена."
"Message",Low,"Сборка проекта ""Binder"" завершена."
"Message",Low,""
"Message",Low,""
"Message",Low,"Сборка целевого объекта ""CopyNativeExecutablesToOutput"" в файле ""Deployment"" завершена."
"Message",Low,""
"Message",Low,"Задача ""TransformAppxManifest"""
"Message",Low,"Выполнение задачи ""TransformAppxManifest"" завершено."
"Message",Low,"Сборка целевого объекта ""TransformAppxManifestAndAddCrt"" в файле ""Deployment"" завершена."
"Message",Low,""
"Message",Low,"Сборка целевого объекта ""CopyPackageResourceFileInRetailBuild"" в файле ""Deployment"" завершена."
"Message",Low,"Сборка проекта ""Deployment"" завершена."
"Message",Low,"Компиляция выполнена"
